<?xml version="1.0" encoding="UTF-8"?>
<metadata xml:lang="en"><Esri><CreaDate>20160319</CreaDate><CreaTime>17072800</CreaTime><ArcGISFormat>1.0</ArcGISFormat><SyncOnce>TRUE</SyncOnce><DataProperties><lineage><Process ToolSource="c:\program files (x86)\arcgis\desktop10.3\ArcToolbox\Toolboxes\Conversion Tools.tbx\RasterToASCII" Date="20160319" Time="170728">RasterToASCII aoi1_6cat "C:\Users\Mike\Documents\My Documents\Academic\GreenRoofs\GreenRoofAOI1\AOI1_6Cat.ASC"</Process></lineage></DataProperties></Esri></metadata>
