<?xml version="1.0" encoding="UTF-8"?>
<metadata xml:lang="en"><Esri><CreaDate>20160319</CreaDate><CreaTime>17083400</CreaTime><ArcGISFormat>1.0</ArcGISFormat><SyncOnce>TRUE</SyncOnce><DataProperties><lineage><Process ToolSource="c:\program files (x86)\arcgis\desktop10.3\ArcToolbox\Toolboxes\Conversion Tools.tbx\RasterToASCII" Date="20160319" Time="170834">RasterToASCII AOI1_5CAT "C:\Users\Mike\Documents\My Documents\Academic\GreenRoofs\GreenRoofAOI1\aoi1_5cat.ASC"</Process></lineage></DataProperties></Esri></metadata>
